,,,,,
,,,,,
,"Thursday, September 8",,,,
FALSE,Buffalo Bills,at,Los Angeles Rams,FALSE,8:20 p.m.
,"Sunday, September 11",,,,
FALSE,New Orleans Saints,at,Atlanta Falcons,FALSE,1:00 p.m.
FALSE,San Francisco 49ers,at,Chicago Bears,FALSE,1:00 p.m.
FALSE,Pittsburgh Steelers,at,Cincinnati Bengals,FALSE,1:00 p.m.
FALSE,New England Patriots,at,Miami Dolphins,FALSE,1:00 p.m.
FALSE,Baltimore Ravens,at,New York Jets,FALSE,1:00 p.m.
FALSE,Jacksonville Jaguars,at,Washington Commanders,FALSE,1:00 p.m.
FALSE,Cleveland Browns,at,Carolina Panthers,FALSE,1:00 p.m.
FALSE,Indianapolis Colts,at,Houston Texans,FALSE,1:00 p.m.
FALSE,Philadelphia Eagles,at,Detroit Lions,FALSE,1:00 p.m.
FALSE,New York Giants,at,Tennessee Titans,FALSE,4:25 p.m.
FALSE,Green Bay Packers,at,Minnesota Vikings,FALSE,4:25 p.m.
FALSE,Kansas City Chiefs,at,Arizona Cardinals,FALSE,4:25 p.m.
FALSE,Las Vegas Raiders,at,Los Angeles Chargers,FALSE,4:25 p.m.
FALSE,Tampa Bay Buccaneers,at,Dallas Cowboys,FALSE,8:20 p.m.
,"Monday, September 12",,,,
FALSE,Denver Broncos,at,Seattle Seahawks,FALSE,8:15 p.m.
,,,,,
Tiebreaker: Total points scored in Monday Night Football: ______________,,,,,
Name: ____________________________       Total Correct: ________________,,,,,
,,,,,
"For the latest on the 2022 NFL schedule, go to www.profootballnetwork.com",,,,,